ASIL Employee Code,Contract ID,Contract Name,Active
ASIL/PSO-031/25,CTR-1773054204870,Conservancy Services KPK,Yes
ASIL/PSO-032/25,CTR-1773054204870,Conservancy Services KPK,Yes
ASIL/PSO-033/25,CTR-1773054204870,Conservancy Services KPK,Yes
ASIL/PSO-034/25,CTR-1773054204870,Conservancy Services KPK,Yes
ASIL/PSO-035/25,CTR-1773054204870,Conservancy Services KPK,Yes
ASIL/PSO-036/25,CTR-1773054204870,Conservancy Services KPK,Yes
ASIL/PSO-037/25,CTR-1773054204870,Conservancy Services KPK,Yes
ASIL/PSO-038/25,CTR-1773054204870,Conservancy Services KPK,Yes
ASIL/PSO-039/25,CTR-1773054204870,Conservancy Services KPK,Yes
ASIL/PSO-040/25,CTR-1773054204870,Conservancy Services KPK,Yes
ASIL/PSO-041/25,CTR-1773054204870,Conservancy Services KPK,Yes
ASIL/PSO-042/25,CTR-1773054204870,Conservancy Services KPK,Yes
ASIL/PSO-043/25,CTR-1773054204870,Conservancy Services KPK,Yes
ASIL/PSO-044/25,CTR-1773054204870,Conservancy Services KPK,Yes
ASIL/PSO-045/25,CTR-1773054204870,Conservancy Services KPK,Yes
ASIL/PSO-046/25,CTR-1773054204870,Conservancy Services KPK,Yes
ASIL/PSO-047/25,CTR-1773054335402,Conservancy Services Gilgit Baltistan,Yes
ASIL/PSO-048/25,CTR-1773054335402,Conservancy Services Gilgit Baltistan,Yes
ASIL/PSO-049/25,CTR-1773054335402,Conservancy Services Gilgit Baltistan,Yes
ASIL/PSO-050/25,CTR-1773054335402,Conservancy Services Gilgit Baltistan,Yes
ASIL/PSO-051/25,CTR-1773054335402,Conservancy Services Gilgit Baltistan,Yes
ASIL/PSO-052/25,CTR-1773054335402,Conservancy Services Gilgit Baltistan,Yes
ASIL/PSO-053/25,CTR-1773054335402,Conservancy Services Gilgit Baltistan,Yes
ASIL/PSO-054/25,CTR-1773054335402,Conservancy Services Gilgit Baltistan,Yes
ASIL/PSO-055/25,CTR-1773054060255,Conservancy Services Punjab,Yes
ASIL/PSO-056/25,CTR-1773054060255,Conservancy Services Punjab,Yes
ASIL/PSO-057/25,CTR-1773054060255,Conservancy Services Punjab,Yes
ASIL/PSO-058/25,CTR-1773054060255,Conservancy Services Punjab,Yes
ASIL/PSO-059/25,CTR-1773054060255,Conservancy Services Punjab,Yes
ASIL/PSO-060/25,CTR-1773054060255,Conservancy Services Punjab,Yes
ASIL/PSO-061/25,CTR-1773054060255,Conservancy Services Punjab,Yes
ASIL/PSO-062/25,CTR-1773054060255,Conservancy Services Punjab,Yes
ASIL/PSO-063/25,CTR-1773054060255,Conservancy Services Punjab,Yes
ASIL/PSO-064/25,CTR-1773054060255,Conservancy Services Punjab,Yes
ASIL/PSO-065/25,CTR-1773054060255,Conservancy Services Punjab,Yes
ASIL/PSO-066/25,CTR-1773054060255,Conservancy Services Punjab,Yes
ASIL/PSO-067/25,CTR-1773054060255,Conservancy Services Punjab,Yes
ASIL/PSO-068/25,CTR-1773054060255,Conservancy Services Punjab,Yes
ASIL/PSO-069/25,CTR-1773054060255,Conservancy Services Punjab,Yes
ASIL/PSO-070/25,CTR-1773054060255,Conservancy Services Punjab,Yes
ASIL/PSO-071/25,CTR-1773054060255,Conservancy Services Punjab,Yes
ASIL/PSO-072/25,CTR-1773054060255,Conservancy Services Punjab,Yes
ASIL/PSO-073/25,CTR-1773054060255,Conservancy Services Punjab,Yes
ASIL/PSO-074/25,CTR-1773054060255,Conservancy Services Punjab,Yes
ASIL/PSO-075/25,CTR-1773054060255,Conservancy Services Punjab,Yes
ASIL/PSO-076/25,CTR-1773054060255,Conservancy Services Punjab,Yes
ASIL/PSO-077/25,CTR-1773054060255,Conservancy Services Punjab,Yes
ASIL/PSO-078/25,CTR-1773054060255,Conservancy Services Punjab,Yes
ASIL/PSO-079/25,CTR-1773054060255,Conservancy Services Punjab,Yes
ASIL/PSO-080/25,CTR-1773054060255,Conservancy Services Punjab,Yes
ASIL/PSO-081/25,CTR-1773054060255,Conservancy Services Punjab,Yes
ASIL/PSO-082/25,CTR-1773054060255,Conservancy Services Punjab,Yes
ASIL/PSO-083/25,CTR-1773054060255,Conservancy Services Punjab,Yes
ASIL/PSO-084/25,CTR-1773054204870,Conservancy Services KPK,Yes
ASIL/PSO-085/25,CTR-1773054204870,Conservancy Services KPK,Yes
ASIL/PSO-086/25,CTR-1773054204870,Conservancy Services KPK,Yes
ASIL/PSO-087/25,CTR-1773054204870,Conservancy Services KPK,Yes
ASIL/PSO-088/25,CTR-1773054204870,Conservancy Services KPK,Yes
ASIL/PSO-089/25,CTR-1773054204870,Conservancy Services KPK,Yes
ASIL/PSO-090/25,CTR-1773054204870,Conservancy Services KPK,Yes
ASIL/PSO-091/25,CTR-1773054204870,Conservancy Services KPK,Yes
ASIL/PSO-092/25,CTR-1773054204870,Conservancy Services KPK,Yes
ASIL/PSO-093/25,CTR-1773054204870,Conservancy Services KPK,Yes
ASIL/PSO-094/25,CTR-1773054204870,Conservancy Services KPK,Yes
ASIL/PSO-095/25,CTR-1773054204870,Conservancy Services KPK,Yes
ASIL/PSO-096/25,CTR-1773054204870,Conservancy Services KPK,Yes
ASIL/PSO-097/25,CTR-1773054204870,Conservancy Services KPK,Yes
ASIL/PSO-098/25,CTR-1773054204870,Conservancy Services KPK,Yes
ASIL/PSO-099/25,CTR-1773054204870,Conservancy Services KPK,Yes
ASIL/PSO-100/25,CTR-1773054204870,Conservancy Services KPK,Yes
ASIL/PSO-101/25,CTR-1773054204870,Conservancy Services KPK,Yes
ASIL/PSO-102/25,CTR-1773054204870,Conservancy Services KPK,Yes
ASIL/PSO-103/25,CTR-1773054204870,Conservancy Services KPK,Yes
ASIL/PSO-104/25,CTR-1773054204870,Conservancy Services KPK,Yes
ASIL/PSO-105/25,CTR-1773054204870,Conservancy Services KPK,Yes
ASIL/PSO-106/25,CTR-1773054204870,Conservancy Services KPK,Yes
ASIL/PSO-107/25,CTR-1773054204870,Conservancy Services KPK,Yes
ASIL/PSO-108/25,CTR-1773054204870,Conservancy Services KPK,Yes
ASIL/PSO-109/25,CTR-1773054204870,Conservancy Services KPK,Yes
ASIL/PSO-110/25,CTR-1773054204870,Conservancy Services KPK,Yes
ASIL/PSO-111/25,CTR-1773054204870,Conservancy Services KPK,Yes
ASIL/PSO-112/25,CTR-1773054204870,Conservancy Services KPK,Yes
ASIL/PSO-113/25,CTR-1773054204870,Conservancy Services KPK,Yes
ASIL/PSO-114/25,CTR-1773054204870,Conservancy Services KPK,Yes
ASIL/PSO-115/25,CTR-1773054204870,Conservancy Services KPK,Yes
ASIL/PSO-116/25,CTR-1773054204870,Conservancy Services KPK,Yes
ASIL/PSO-117/25,CTR-1773054204870,Conservancy Services KPK,Yes
ASIL/PSO-118/25,CTR-1773054204870,Conservancy Services KPK,Yes
ASIL/PSO-119/25,CTR-1773054060255,Conservancy Services Punjab,Yes
ASIL/PSO-120/25,CTR-1773054204870,Conservancy Services KPK,Yes
ASIL/PSO-121/25,CTR-1773054204870,Conservancy Services KPK,Yes
ASIL/PSO-122/25,CTR-1773054204870,Conservancy Services KPK,Yes
ASIL/PSO-123/25,CTR-1773054204870,Conservancy Services KPK,Yes
ASIL/PSO-124/25,CTR-1773054204870,Conservancy Services KPK,Yes
ASIL/PSO-125/25,CTR-1773054060255,Conservancy Services Punjab,Yes
ASIL/PSO-126/25,CTR-1773054060255,Conservancy Services Punjab,Yes
ASIL/PSO-127/25,CTR-1773054060255,Conservancy Services Punjab,Yes
ASIL/PSO-128/25,CTR-1773054060255,Conservancy Services Punjab,Yes
ASIL/PSO-129/25,CTR-1773054060255,Conservancy Services Punjab,Yes
ASIL/PSO-130/25,CTR-1773054060255,Conservancy Services Punjab,Yes
ASIL/PSO-131/25,CTR-1773054060255,Conservancy Services Punjab,Yes
ASIL/PSO-132/25,CTR-1773054060255,Conservancy Services Punjab,Yes
ASIL/PSO-133/25,CTR-1773054060255,Conservancy Services Punjab,Yes
ASIL/PSO-134/25,CTR-1773054060255,Conservancy Services Punjab,Yes
ASIL/PSO-135/25,CTR-1773054060255,Conservancy Services Punjab,Yes
ASIL/PSO-136/25,CTR-1773054060255,Conservancy Services Punjab,Yes
ASIL/PSO-137/25,CTR-1773054060255,Conservancy Services Punjab,Yes
ASIL/PSO-138/25,CTR-1773054060255,Conservancy Services Punjab,Yes
ASIL/PSO-139/25,CTR-1773054060255,Conservancy Services Punjab,Yes
ASIL/PSO-140/25,CTR-1773054060255,Conservancy Services Punjab,Yes
ASIL/PSO-141/25,CTR-1773054060255,Conservancy Services Punjab,Yes
ASIL/PSO-142/25,CTR-1773054060255,Conservancy Services Punjab,Yes
ASIL/PSO-143/25,CTR-1773054060255,Conservancy Services Punjab,Yes
ASIL/PSO-144/25,CTR-1773054060255,Conservancy Services Punjab,Yes
ASIL/PSO-145/25,CTR-1773054060255,Conservancy Services Punjab,Yes
ASIL/PSO-146/25,CTR-1773054060255,Conservancy Services Punjab,Yes
ASIL/PSO-147/25,CTR-1773054060255,Conservancy Services Punjab,Yes
ASIL/PSO-148/25,CTR-1773054060255,Conservancy Services Punjab,Yes
ASIL/PSO-149/25,CTR-1773054060255,Conservancy Services Punjab,Yes
ASIL/PSO-150/25,CTR-1773054060255,Conservancy Services Punjab,Yes
ASIL/PSO-151/25,CTR-1773054060255,Conservancy Services Punjab,Yes
ASIL/PSO-152/25,CTR-1773054060255,Conservancy Services Punjab,Yes
ASIL/PSO-153/25,CTR-1773054060255,Conservancy Services Punjab,Yes
ASIL/PSO-154/25,CTR-1773054060255,Conservancy Services Punjab,Yes
ASIL/PSO-155/25,CTR-1773054060255,Conservancy Services Punjab,Yes
ASIL/PSO-156/25,CTR-1773054060255,Conservancy Services Punjab,Yes
ASIL/PSO-157/25,CTR-1773054060255,Conservancy Services Punjab,Yes
ASIL/PSO-158/25,CTR-1773054060255,Conservancy Services Punjab,Yes
ASIL/PSO-159/25,CTR-1773054060255,Conservancy Services Punjab,Yes
ASIL/PSO-160/25,CTR-1773054060255,Conservancy Services Punjab,Yes
ASIL/PSO-161/25,CTR-1773054060255,Conservancy Services Punjab,Yes
ASIL/PSO-162/25,CTR-1773054060255,Conservancy Services Punjab,Yes
ASIL/PSO-163/25,CTR-1773054060255,Conservancy Services Punjab,Yes
ASIL/PSO-164/25,CTR-1773054204870,Conservancy Services KPK,Yes
ASIL/PSO-165/25,CTR-1773054204870,Conservancy Services KPK,Yes
ASIL/PSO-166/25,CTR-1773054060255,Conservancy Services Punjab,Yes
ASIL/PSO-167/25,CTR-1773054060255,Conservancy Services Punjab,Yes
ASIL/PSO-168/25,CTR-1773054060255,Conservancy Services Punjab,Yes
ASIL/PSO-169/25,CTR-1773054060255,Conservancy Services Punjab,Yes
ASIL/PSO-170/25,CTR-1773054060255,Conservancy Services Punjab,Yes
ASIL/PSO-171/25,CTR-1773054060255,Conservancy Services Punjab,Yes
ASIL/PSO-172/25,CTR-1773054060255,Conservancy Services Punjab,Yes
ASIL/PSO-173/25,CTR-1773054060255,Conservancy Services Punjab,Yes
ASIL/PSO-174/25,CTR-1773054060255,Conservancy Services Punjab,Yes
ASIL/PSO-175/25,CTR-1773054060255,Conservancy Services Punjab,Yes
ASIL/PSO-176/25,CTR-1773054060255,Conservancy Services Punjab,Yes
ASIL/PSO-177/25,CTR-1773054060255,Conservancy Services Punjab,Yes
ASIL/PSO-178/25,CTR-1773054060255,Conservancy Services Punjab,Yes
ASIL/PSO-179/25,CTR-1773054060255,Conservancy Services Punjab,Yes
ASIL/PSO-181/25,CTR-1773054060255,Conservancy Services Punjab,Yes
ASIL/PSO-182/25,CTR-1773054060255,Conservancy Services Punjab,Yes
ASIL/PSO-183/25,CTR-1773054060255,Conservancy Services Punjab,Yes
ASIL/PSO-184/25,CTR-1773054060255,Conservancy Services Punjab,Yes
ASIL/PSO-185/25,CTR-1773054060255,Conservancy Services Punjab,Yes
ASIL/PSO-186/25,CTR-1773054060255,Conservancy Services Punjab,Yes
ASIL/PSO-187/25,CTR-1773054060255,Conservancy Services Punjab,Yes
ASIL/PSO-188/25,CTR-1773054060255,Conservancy Services Punjab,Yes
ASIL/PSO-189/25,CTR-1773054060255,Conservancy Services Punjab,Yes
ASIL/PSO-190/25,CTR-1773054060255,Conservancy Services Punjab,Yes
ASIL/PSO-191/25,CTR-1773054060255,Conservancy Services Punjab,Yes
ASIL/PSO-193/25,CTR-1773054060255,Conservancy Services Punjab,Yes
ASIL/PSO-194/25,CTR-1773054060255,Conservancy Services Punjab,Yes
ASIL/PSO-195/25,CTR-1773054060255,Conservancy Services Punjab,Yes
ASIL/PSO-196/25,CTR-1773054060255,Conservancy Services Punjab,Yes
ASIL/PSO-197/25,CTR-1773054060255,Conservancy Services Punjab,Yes
ASIL/PSO-198/25,CTR-1773054060255,Conservancy Services Punjab,Yes
ASIL/PSO-199/25,CTR-1773054060255,Conservancy Services Punjab,Yes
ASIL/PSO-200/25,CTR-1773054060255,Conservancy Services Punjab,Yes
ASIL/PSO-201/25,CTR-1773054060255,Conservancy Services Punjab,Yes
ASIL/PSO-202/25,CTR-1773054060255,Conservancy Services Punjab,Yes
ASIL/PSO-203/25,CTR-1773054060255,Conservancy Services Punjab,Yes
ASIL/PSO-204/25,CTR-1773054060255,Conservancy Services Punjab,Yes
ASIL/PSO-205/25,CTR-1773054060255,Conservancy Services Punjab,Yes
ASIL/PSO-206/25,CTR-1773054060255,Conservancy Services Punjab,Yes
ASIL/PSO-207/25,CTR-1773054060255,Conservancy Services Punjab,Yes
ASIL/PSO-208/25,CTR-1773054060255,Conservancy Services Punjab,Yes
ASIL/PSO-209/25,CTR-1773054060255,Conservancy Services Punjab,Yes
ASIL/PSO-372/25,CTR-1773054060255,Conservancy Services Punjab,Yes
ASIL/PSO-373/25,CTR-1773054060255,Conservancy Services Punjab,Yes
ASIL/PSO-374/25,CTR-1773054060255,Conservancy Services Punjab,Yes
ASIL/PSO-376/25,CTR-1773054060255,Conservancy Services Punjab,Yes
ASIL/PSO-377/25,CTR-1773054060255,Conservancy Services Punjab,Yes
ASIL/PSO-390/25,CTR-1785569435995,PSO CORO OPS - SS94 M.A,Yes
ASIL/PSO-391/25,CTR-1785569435995,PSO CORO OPS - SS94 M.A,Yes
ASIL/PSO-392/25,CTR-1785569435995,PSO CORO OPS - SS94 M.A,Yes
ASIL/PSO-393/25,CTR-1785569435995,PSO CORO OPS - SS94 M.A,Yes
ASIL/PSO-394/25,CTR-1785569435995,PSO CORO OPS - SS94 M.A,Yes
ASIL/PSO-395/25,CTR-1785569435995,PSO CORO OPS - SS94 M.A,Yes
ASIL/PSO-396/25,CTR-1785569435995,PSO CORO OPS - SS94 M.A,Yes
ASIL/PSO-397/25,CTR-1785569435995,PSO CORO OPS - SS94 M.A,Yes
ASIL/PSO-398/25,CTR-1785569435995,PSO CORO OPS - SS94 M.A,Yes
ASIL/PSO-399/25,CTR-1785569435995,PSO CORO OPS - SS94 M.A,Yes
ASIL/PSO-400/25,CTR-1785569435995,PSO CORO OPS - SS94 M.A,Yes
ASIL/PSO-401/25,CTR-1785569435995,PSO CORO OPS - SS94 M.A,Yes
ASIL/PSO-402/25,CTR-1785569435995,PSO CORO OPS - SS94 M.A,Yes
ASIL/PSO-403/25,CTR-1785569435995,PSO CORO OPS - SS94 M.A,Yes
ASIL/PSO-404/25,CTR-1785569435995,PSO CORO OPS - SS94 M.A,Yes
ASIL/PSO-405/25,CTR-1785569435995,PSO CORO OPS - SS94 M.A,Yes
ASIL/PSO-406/25,CTR-1785569435995,PSO CORO OPS - SS94 M.A,Yes
ASIL/PSO-407/25,CTR-1785569435995,PSO CORO OPS - SS94 M.A,Yes
ASIL/PSO-408/25,CTR-1785569435995,PSO CORO OPS - SS94 M.A,Yes
ASIL/PSO-409/25,CTR-1785569435995,PSO CORO OPS - SS94 M.A,Yes
ASIL/PSO-410/25,CTR-1785569435995,PSO CORO OPS - SS94 M.A,Yes
ASIL/PSO-411/25,CTR-1785569435995,PSO CORO OPS - SS94 M.A,Yes
ASIL/PSO-412/25,CTR-1785569435995,PSO CORO OPS - SS94 M.A,Yes
ASIL/PSO-413/25,CTR-1785569435995,PSO CORO OPS - SS94 M.A,Yes
ASIL/PSO-414/25,CTR-1785569435995,PSO CORO OPS - SS94 M.A,Yes
ASIL/PSO-415/25,CTR-1785569435995,PSO CORO OPS - SS94 M.A,Yes
ASIL/PSO-416/25,CTR-1785569435995,PSO CORO OPS - SS94 M.A,Yes
ASIL/PSO-417/25,CTR-1785569435995,PSO CORO OPS - SS94 M.A,Yes
ASIL/PSO-418/25,CTR-1785569435995,PSO CORO OPS - SS94 M.A,Yes
ASIL/PSO-419/25,CTR-1785569435995,PSO CORO OPS - SS94 M.A,Yes
ASIL/PSO-420/25,CTR-1785569435995,PSO CORO OPS - SS94 M.A,Yes
ASIL/PSO-421/25,CTR-1785569435995,PSO CORO OPS - SS94 M.A,Yes
ASIL/PSO-422/25,CTR-1785569435995,PSO CORO OPS - SS94 M.A,Yes
ASIL/PSO-423/25,CTR-1785569435995,PSO CORO OPS - SS94 M.A,Yes
ASIL/PSO-424/25,CTR-1785569435995,PSO CORO OPS - SS94 M.A,Yes
ASIL/PSO-425/25,CTR-1785569435995,PSO CORO OPS - SS94 M.A,Yes
ASIL/PSO-426/25,CTR-1785569435995,PSO CORO OPS - SS94 M.A,Yes
ASIL/PSO-427/25,CTR-1785569435995,PSO CORO OPS - SS94 M.A,Yes
ASIL/PSO-428/25,CTR-1785569435995,PSO CORO OPS - SS94 M.A,Yes
ASIL/PSO-429/25,CTR-1785569435995,PSO CORO OPS - SS94 M.A,Yes
ASIL/PSO-430/25,CTR-1785569435995,PSO CORO OPS - SS94 M.A,Yes
ASIL/PSO-431/25,CTR-1785569435995,PSO CORO OPS - SS94 M.A,Yes
ASIL/PSO-432/25,CTR-1785569435995,PSO CORO OPS - SS94 M.A,Yes
ASIL/PSO-433/25,CTR-1785569435995,PSO CORO OPS - SS94 M.A,Yes
ASIL/PSO-434/25,CTR-1785569435995,PSO CORO OPS - SS94 M.A,Yes
ASIL/PSO-435/25,CTR-1785569435995,PSO CORO OPS - SS94 M.A,Yes
ASIL/PSO-436/25,CTR-1785569435995,PSO CORO OPS - SS94 M.A,Yes
ASIL/PSO-437/25,CTR-1785569435995,PSO CORO OPS - SS94 M.A,Yes
ASIL/PSO-438/25,CTR-1785569435995,PSO CORO OPS - SS94 M.A,Yes
ASIL/PSO-439/25,CTR-1785569435995,PSO CORO OPS - SS94 M.A,Yes
ASIL/PSO-440/25,CTR-1785569435995,PSO CORO OPS - SS94 M.A,Yes
ASIL/PSO-441/25,CTR-1785569435995,PSO CORO OPS - SS94 M.A,Yes
ASIL/PSO-442/25,CTR-1785569435995,PSO CORO OPS - SS94 M.A,Yes
ASIL/PSO-443/25,CTR-1785569435995,PSO CORO OPS - SS94 M.A,Yes
ASIL/PSO-444/25,CTR-1785569435995,PSO CORO OPS - SS94 M.A,Yes
ASIL/PSO-445/25,CTR-1785569435995,PSO CORO OPS - SS94 M.A,Yes
ASIL/PSO-446/25,CTR-1785569435995,PSO CORO OPS - SS94 M.A,Yes
ASIL/PSO-447/25,CTR-1785569435995,PSO CORO OPS - SS94 M.A,Yes
ASIL/PSO-448/25,CTR-1785569435995,PSO CORO OPS - SS94 M.A,Yes
ASIL/PSO-449/25,CTR-1785569435995,PSO CORO OPS - SS94 M.A,Yes
ASIL/PSO-450/25,CTR-1785569435995,PSO CORO OPS - SS94 M.A,Yes
ASIL/PSO-451/25,CTR-1785569435995,PSO CORO OPS - SS94 M.A,Yes
ASIL/PSO-452/25,CTR-1785569435995,PSO CORO OPS - SS94 M.A,Yes
ASIL/PSO-453/25,CTR-1785569435995,PSO CORO OPS - SS94 M.A,Yes
