*ContactName,EmailAddress,POAddressLine1,POAddressLine2,POAddressLine3,POAddressLine4,POCity,PORegion,POPostalCode,POCountry,*InvoiceNumber,Reference,*InvoiceDate,*DueDate,Total,InventoryItemCode,*Description,*Quantity,*UnitAmount,Discount,*AccountCode,*TaxType,TaxAmount,TrackingName1,TrackingOption1,TrackingName2,TrackingOption2,Currency,BrandingTheme
Doctor - Wafi Energy Pakistan Limited,,,,,,,,,,4939,4545103985,27-04-26,27-06-26,,,Services in Punjab for the month of April 2026,1,"72,462.00",,208,Punjab Services Tax 16% (16%),"11,593.92",Tracking Category,BPO,Type,Official,PKR,Letterhead
Doctor - Wafi Energy Pakistan Limited,,,,,,,,,,4939,4545103985,27-04-26,27-06-26,,,Service Charges,1,"13,043",,208,Punjab Services Tax 16% (16%),"2,086.88",Tracking Category,BPO,Type,Official,PKR,Letterhead
Finance - Wafi Energy Pakistan Limited,,,,,,,,,,4940,4545435232,27-04-26,27-06-26,,,Services in Sindh for the month of April 2026,1,"443,093.00",,208,Sindh Sales Tax 15% (15%),"66,463.95",Tracking Category,BPO,Type,Official,PKR,Letterhead
Finance - Wafi Energy Pakistan Limited,,,,,,,,,,4940,4545435232,27-04-26,27-06-26,,,Service Charges,1,"79,757",,208,Sindh Sales Tax 15% (15%),"11,963.55",Tracking Category,BPO,Type,Official,PKR,Letterhead
LSC - Wafi Energy Pakistan Limited,,,,,,,,,,4941,4545437881,27-04-26,27-06-26,,,Services in Sindh for the month of April 2026,1,"650,883.00",,208,Sindh Sales Tax 15% (15%),"97,632.45",Tracking Category,BPO,Type,Official,PKR,Letterhead
LSC - Wafi Energy Pakistan Limited,,,,,,,,,,4941,4545437881,27-04-26,27-06-26,,,Service Charges,1,"117,159",,208,Sindh Sales Tax 15% (15%),"17,573.85",Tracking Category,BPO,Type,Official,PKR,Letterhead
LSC - Wafi Energy Pakistan Limited,,,,,,,,,,4942,4545438137,27-04-26,27-06-26,,,Services in Sindh for the month of April 2026,1,"545,183.00",,208,Sindh Sales Tax 15% (15%),"81,777.45",Tracking Category,BPO,Type,Official,PKR,Letterhead
LSC - Wafi Energy Pakistan Limited,,,,,,,,,,4942,4545438137,27-04-26,27-06-26,,,Service Charges,1,"98,133",,208,Sindh Sales Tax 15% (15%),"14,719.95",Tracking Category,BPO,Type,Official,PKR,Letterhead
LSC - Wafi Energy Pakistan Limited,,,,,,,,,,4943,4545438137,27-04-26,27-06-26,,,Services in Punjab for the month of April 2026,1,"229,275.00",,208,Punjab Services Tax 16% (16%),"36,684.00",Tracking Category,BPO,Type,Official,PKR,Letterhead
LSC - Wafi Energy Pakistan Limited,,,,,,,,,,4943,4545438137,27-04-26,27-06-26,,,Service Charges,1,"41,270",,208,Punjab Services Tax 16% (16%),"6,603.20",Tracking Category,BPO,Type,Official,PKR,Letterhead
Lubes - Wafi Energy Pakistan Limited,,,,,,,,,,4944,4545431509,27-04-26,27-06-26,,,Services in Sindh for the month of April 2026,1,"1,008,884.00",,208,Sindh Sales Tax 15% (15%),"151,332.60",Tracking Category,BPO,Type,Official,PKR,Letterhead
Lubes - Wafi Energy Pakistan Limited,,,,,,,,,,4944,4545431509,27-04-26,27-06-26,,,Service Charges,1,"181,599",,208,Sindh Sales Tax 15% (15%),"27,239.85",Tracking Category,BPO,Type,Official,PKR,Letterhead
Lubes - Wafi Energy Pakistan Limited,,,,,,,,,,4945,4545431509,27-04-26,27-06-26,,,Services in Punjab for the month of April 2026,1,"1,615,236.00",,208,Punjab Services Tax 16% (16%),"258,437.76",Tracking Category,BPO,Type,Official,PKR,Letterhead
Lubes - Wafi Energy Pakistan Limited,,,,,,,,,,4945,4545431509,27-04-26,27-06-26,,,Service Charges,1,"290,742",,208,Punjab Services Tax 16% (16%),"46,518.72",Tracking Category,BPO,Type,Official,PKR,Letterhead
RE - Wafi Energy Pakistan Limited,,,,,,,,,,4946,4545432813,27-04-26,27-06-26,,,Services in Sindh for the month of April 2026,1,"90,209.00",,208,Sindh Sales Tax 15% (15%),"13,531.35",Tracking Category,BPO,Type,Official,PKR,Letterhead
RE - Wafi Energy Pakistan Limited,,,,,,,,,,4946,4545432813,27-04-26,27-06-26,,,Service Charges,1,"16,238",,208,Sindh Sales Tax 15% (15%),"2,435.70",Tracking Category,BPO,Type,Official,PKR,Letterhead
RE - Wafi Energy Pakistan Limited,,,,,,,,,,4947,4545432813,27-04-26,27-06-26,,,Services in Punjab for the month of April 2026,1,"170,391.00",,208,Punjab Services Tax 16% (16%),"27,262.56",Tracking Category,BPO,Type,Official,PKR,Letterhead
RE - Wafi Energy Pakistan Limited,,,,,,,,,,4947,4545432813,27-04-26,27-06-26,,,Service Charges,1,"30,670",,208,Punjab Services Tax 16% (16%),"4,907.20",Tracking Category,BPO,Type,Official,PKR,Letterhead
RE - Wafi Energy Pakistan Limited,,,,,,,,,,4948,4545436519,27-04-26,27-06-26,,,Services in Punjab for the month of April 2026,1,"148,000.00",,208,Punjab Services Tax 16% (16%),"23,680.00",Tracking Category,BPO,Type,Official,PKR,Letterhead
RE - Wafi Energy Pakistan Limited,,,,,,,,,,4948,4545436519,27-04-26,27-06-26,,,Service Charges,1,"26,640",,208,Punjab Services Tax 16% (16%),"4,262.40",Tracking Category,BPO,Type,Official,PKR,Letterhead
Retail Materials & Services - Wafi Energy Pakistan Limited,,,,,,,,,,4949,4545437992,27-04-26,27-06-26,,,Services in Sindh for the month of April 2026,1,"1,916,423.00",,208,Sindh Sales Tax 15% (15%),"287,463.45",Tracking Category,BPO,Type,Official,PKR,Letterhead
Retail Materials & Services - Wafi Energy Pakistan Limited,,,,,,,,,,4949,4545437992,27-04-26,27-06-26,,,Service Charges,1,"344,956",,208,Sindh Sales Tax 15% (15%),"51,743.40",Tracking Category,BPO,Type,Official,PKR,Letterhead
Retail Materials & Services - Wafi Energy Pakistan Limited,,,,,,,,,,4950,4545437992,27-04-26,27-06-26,,,Services in Punjab for the month of April 2026,1,"1,110,551.00",,208,Punjab Services Tax 16% (16%),"177,688.16",Tracking Category,BPO,Type,Official,PKR,Letterhead
Retail Materials & Services - Wafi Energy Pakistan Limited,,,,,,,,,,4950,4545437992,27-04-26,27-06-26,,,Service Charges,1,"199,899",,208,Punjab Services Tax 16% (16%),"31,983.84",Tracking Category,BPO,Type,Official,PKR,Letterhead
Retail Materials & Services - Wafi Energy Pakistan Limited,,,,,,,,,,4951,4545437992,27-04-26,27-06-26,,,Services in KPK for the month of April 2026,1,"99,816.00",,208,KPK Services Tax 15% (15%),"14,972.40",Tracking Category,BPO,Type,Official,PKR,Letterhead
Retail Materials & Services - Wafi Energy Pakistan Limited,,,,,,,,,,4951,4545437992,27-04-26,27-06-26,,,Service Charges,1,"17,967",,208,KPK Services Tax 15% (15%),"2,695.05",Tracking Category,BPO,Type,Official,PKR,Letterhead
Trading & Supply - Wafi Energy Pakistan Limited,,,,,,,,,,4952,4545437882,27-04-26,27-06-26,,,Services in Sindh for the month of April 2026,1,"5,679,205.00",,208,Sindh Sales Tax 15% (15%),"851,880.75",Tracking Category,BPO,Type,Official,PKR,Letterhead
Trading & Supply - Wafi Energy Pakistan Limited,,,,,,,,,,4952,4545437882,27-04-26,27-06-26,,,Service Charges,1,"1,022,257",,208,Sindh Sales Tax 15% (15%),"153,338.55",Tracking Category,BPO,Type,Official,PKR,Letterhead
Trading & Supply - Wafi Energy Pakistan Limited,,,,,,,,,,4953,4545437882,27-04-26,27-06-26,,,Services in Punjab for the month of April 2026,1,"7,467,077.00",,208,Punjab Services Tax 16% (16%),"1,194,732.32",Tracking Category,BPO,Type,Official,PKR,Letterhead
Trading & Supply - Wafi Energy Pakistan Limited,,,,,,,,,,4953,4545437882,27-04-26,27-06-26,,,Service Charges,1,"1,344,074",,208,Punjab Services Tax 16% (16%),"215,051.84",Tracking Category,BPO,Type,Official,PKR,Letterhead
Trading & Supply - Wafi Energy Pakistan Limited,,,,,,,,,,4954,4545437882,27-04-26,27-06-26,,,Services in KPK for the month of April 2026,1,"658,553.00",,208,KPK Services Tax 15% (15%),"98,782.95",Tracking Category,BPO,Type,Official,PKR,Letterhead
Trading & Supply - Wafi Energy Pakistan Limited,,,,,,,,,,4954,4545437882,27-04-26,27-06-26,,,Service Charges,1,"118,540",,208,KPK Services Tax 15% (15%),"17,781.00",Tracking Category,BPO,Type,Official,PKR,Letterhead
Trading & Supply - Wafi Energy Pakistan Limited,,,,,,,,,,4955,4545437882,27-04-26,27-06-26,,,Services in Balochistan for the month of April 2026,1,"245,411.00",,208,Balochistan Services Tax 15% (15%),"36,811.65",Tracking Category,BPO,Type,Official,PKR,Letterhead
Trading & Supply - Wafi Energy Pakistan Limited,,,,,,,,,,4955,4545437882,27-04-26,27-06-26,,,Service Charges,1,"44,174",,208,Balochistan Services Tax 15% (15%),"6,626.10",Tracking Category,BPO,Type,Official,PKR,Letterhead
HR - Wafi Energy Pakistan Limited,,,,,,,,,,4956,4545434852,27-04-26,27-06-26,,,Services in Sindh for the month of April 2026,1,"171,584.00",,208,Sindh Sales Tax 15% (15%),"25,737.60",Tracking Category,BPO,Type,Official,PKR,Letterhead
HR - Wafi Energy Pakistan Limited,,,,,,,,,,4956,4545434852,27-04-26,27-06-26,,,Service Charges,1,"30,885",,208,Sindh Sales Tax 15% (15%),"4,632.75",Tracking Category,BPO,Type,Official,PKR,Letterhead
OTC - Wafi Energy Pakistan Limited,,,,,,,,,,4957,4545432915,27-04-26,27-06-26,,,Services in Punjab for the month of April 2026,1,"237,584.00",,208,Punjab Services Tax 16% (16%),"38,013.44",Tracking Category,BPO,Type,Official,PKR,Letterhead
OTC - Wafi Energy Pakistan Limited,,,,,,,,,,4957,4545432915,27-04-26,27-06-26,,,Service Charges,1,"42,765",,208,Punjab Services Tax 16% (16%),"6,842.40",Tracking Category,BPO,Type,Official,PKR,Letterhead
IT - Wafi Energy Pakistan Limited,,,,,,,,,,4958,4545437885,27-04-26,27-06-26,,,Services in Sindh for the month of April 2026,1,"938,646.00",,208,Sindh Sales Tax 15% (15%),"140,796.90",Tracking Category,BPO,Type,Official,PKR,Letterhead
IT - Wafi Energy Pakistan Limited,,,,,,,,,,4958,4545437885,27-04-26,27-06-26,,,Service Charges,1,"168,956",,208,Sindh Sales Tax 15% (15%),"25,343.40",Tracking Category,BPO,Type,Official,PKR,Letterhead
IT - Wafi Energy Pakistan Limited,,,,,,,,,,4959,4545437885,27-04-26,27-06-26,,,Services in Punjab for the month of April 2026,1,"558,675.00",,208,Punjab Services Tax 16% (16%),"89,388.00",Tracking Category,BPO,Type,Official,PKR,Letterhead
IT - Wafi Energy Pakistan Limited,,,,,,,,,,4959,4545437885,27-04-26,27-06-26,,,Service Charges,1,"100,562",,208,Punjab Services Tax 16% (16%),"16,089.92",Tracking Category,BPO,Type,Official,PKR,Letterhead
LSC - Wafi Energy Pakistan Limited,,,,,,,,,,4960,4545437881,27-04-26,27-06-26,,,Additional Services in Sindh for the month of March 26,1,"142,524.00",,208,Sindh Sales Tax 15% (15%),"21,378.60",Tracking Category,BPO,Type,Official,PKR,Letterhead
LSC - Wafi Energy Pakistan Limited,,,,,,,,,,4960,4545437881,27-04-26,27-06-26,,,Service Charges,1,"25,654",,208,Sindh Sales Tax 15% (15%),"3,848.10",Tracking Category,BPO,Type,Official,PKR,Letterhead
LSC - Wafi Energy Pakistan Limited,,,,,,,,,,4961,4545438137,27-04-26,27-06-26,,,Additional Services in Sindh for the month of March 26,1,"254,434.00",,208,Sindh Sales Tax 15% (15%),"38,165.10",Tracking Category,BPO,Type,Official,PKR,Letterhead
LSC - Wafi Energy Pakistan Limited,,,,,,,,,,4961,4545438137,27-04-26,27-06-26,,,Service Charges,1,"45,798",,208,Sindh Sales Tax 15% (15%),"6,869.70",Tracking Category,BPO,Type,Official,PKR,Letterhead
LSC - Wafi Energy Pakistan Limited,,,,,,,,,,4962,4545438137,27-04-26,27-06-26,,,Additional Services in Punjab for the month of March 26,1,"101,170.00",,208,Punjab Services Tax 16% (16%),"16,187.20",Tracking Category,BPO,Type,Official,PKR,Letterhead
LSC - Wafi Energy Pakistan Limited,,,,,,,,,,4962,4545438137,27-04-26,27-06-26,,,Service Charges,1,"18,211",,208,Punjab Services Tax 16% (16%),"2,913.76",Tracking Category,BPO,Type,Official,PKR,Letterhead
Retail Materials & Services - Wafi Energy Pakistan Limited,,,,,,,,,,4963,4545437992,27-04-26,27-06-26,,,Additional Services in Sindh for the month of March 26,1,"205,729.00",,208,Sindh Sales Tax 15% (15%),"30,859.35",Tracking Category,BPO,Type,Official,PKR,Letterhead
Retail Materials & Services - Wafi Energy Pakistan Limited,,,,,,,,,,4963,4545437992,27-04-26,27-06-26,,,Service Charges,1,"37,031",,208,Sindh Sales Tax 15% (15%),"5,554.65",Tracking Category,BPO,Type,Official,PKR,Letterhead
Trading & Supply - Wafi Energy Pakistan Limited,,,,,,,,,,4964,4545437882,27-04-26,27-06-26,,,Additional Services in Punjab for the month of March 26,1,"1,016,874.00",,208,Punjab Services Tax 16% (16%),"162,699.84",Tracking Category,BPO,Type,Official,PKR,Letterhead
Trading & Supply - Wafi Energy Pakistan Limited,,,,,,,,,,4964,4545437882,27-04-26,27-06-26,,,Service Charges,1,"183,037",,208,Punjab Services Tax 16% (16%),"29,285.92",Tracking Category,BPO,Type,Official,PKR,Letterhead
Trading & Supply - Wafi Energy Pakistan Limited,,,,,,,,,,4965,4545437882,27-04-26,27-06-26,,,Additional Services in Sindh for the month of March 26,1,"1,082,708.00",,208,Sindh Sales Tax 15% (15%),"162,406.20",Tracking Category,BPO,Type,Official,PKR,Letterhead
Trading & Supply - Wafi Energy Pakistan Limited,,,,,,,,,,4965,4545437882,27-04-26,27-06-26,,,Service Charges,1,"194,887",,208,Sindh Sales Tax 15% (15%),"29,233.05",Tracking Category,BPO,Type,Official,PKR,Letterhead
RE - Wafi Energy Pakistan Limited,,,,,,,,,,4966,4545432813,27-04-26,27-06-26,,,Additional Services in Punjab for the month of March 26,1,"11,059.00",,208,Punjab Services Tax 16% (16%),"1,769.44",Tracking Category,BPO,Type,Official,PKR,Letterhead
RE - Wafi Energy Pakistan Limited,,,,,,,,,,4966,4545432813,27-04-26,27-06-26,,,Service Charges,1,"1,991",,208,Punjab Services Tax 16% (16%),318.56,Tracking Category,BPO,Type,Official,PKR,Letterhead
Trading & Supply - Wafi Energy Pakistan Limited,,,,,,,,,,4967,4545437882,27-04-26,27-06-26,,,Additional Services in KPK for the month of March 26,1,"184,675.00",,208,KPK Services Tax 15% (15%),"27,701.25",Tracking Category,BPO,Type,Official,PKR,Letterhead
Trading & Supply - Wafi Energy Pakistan Limited,,,,,,,,,,4967,4545437882,27-04-26,27-06-26,,,Service Charges,1,"33,242",,208,KPK Services Tax 15% (15%),"4,986.30",Tracking Category,BPO,Type,Official,PKR,Letterhead
LSC - Wafi Energy Pakistan Limited,,,,,,,,,,4968,4545437881,27-04-26,27-06-26,,,Reimbursement of OPD & Expenses in Sindh for the month of March 26,1,"5,420.00",,208,Sindh Sales Tax 15% (15%),813,Tracking Category,BPO,Type,Official,PKR,Letterhead
LSC - Wafi Energy Pakistan Limited,,,,,,,,,,4968,4545437881,27-04-26,27-06-26,,,Service Charges,1,976,,208,Sindh Sales Tax 15% (15%),146.4,Tracking Category,BPO,Type,Official,PKR,Letterhead
Lubes - Wafi Energy Pakistan Limited,,,,,,,,,,4969,4545431509,27-04-26,27-06-26,,,Reimbursement of OPD & Expenses in Sindh for the month of March 26,1,"98,032.00",,208,Sindh Sales Tax 15% (15%),"14,704.80",Tracking Category,BPO,Type,Official,PKR,Letterhead
Lubes - Wafi Energy Pakistan Limited,,,,,,,,,,4969,4545431509,27-04-26,27-06-26,,,Service Charges,1,"17,646",,208,Sindh Sales Tax 15% (15%),"2,646.90",Tracking Category,BPO,Type,Official,PKR,Letterhead
Lubes - Wafi Energy Pakistan Limited,,,,,,,,,,4970,4545431509,27-04-26,27-06-26,,,Reimbursement of OPD & Expenses in Punjab for the month of March 26,1,"239,574.00",,208,Punjab Services Tax 16% (16%),"38,331.84",Tracking Category,BPO,Type,Official,PKR,Letterhead
Lubes - Wafi Energy Pakistan Limited,,,,,,,,,,4970,4545431509,27-04-26,27-06-26,,,Service Charges,1,"43,123",,208,Punjab Services Tax 16% (16%),"6,899.68",Tracking Category,BPO,Type,Official,PKR,Letterhead
Retail Materials & Services - Wafi Energy Pakistan Limited,,,,,,,,,,4971,4545437992,27-04-26,27-06-26,,,Reimbursement of OPD & Expenses in Sindh for the month of March 26,1,"144,665.00",,208,Sindh Sales Tax 15% (15%),"21,699.75",Tracking Category,BPO,Type,Official,PKR,Letterhead
Retail Materials & Services - Wafi Energy Pakistan Limited,,,,,,,,,,4971,4545437992,27-04-26,27-06-26,,,Service Charges,1,"26,040",,208,Sindh Sales Tax 15% (15%),"3,906.00",Tracking Category,BPO,Type,Official,PKR,Letterhead
Retail Materials & Services - Wafi Energy Pakistan Limited,,,,,,,,,,4972,4545437992,27-04-26,27-06-26,,,Reimbursement of OPD & Expenses in Punjab for the month of March 26,1,"3,000.00",,208,Punjab Services Tax 16% (16%),480,Tracking Category,BPO,Type,Official,PKR,Letterhead
Retail Materials & Services - Wafi Energy Pakistan Limited,,,,,,,,,,4972,4545437992,27-04-26,27-06-26,,,Service Charges,1,540,,208,Punjab Services Tax 16% (16%),86.4,Tracking Category,BPO,Type,Official,PKR,Letterhead
RE - Wafi Energy Pakistan Limited,,,,,,,,,,4973,4545432813,27-04-26,27-06-26,,,Reimbursement of OPD & Expenses in Punjab for the month of March 26,1,"1,840.00",,208,Punjab Services Tax 16% (16%),294.4,Tracking Category,BPO,Type,Official,PKR,Letterhead
RE - Wafi Energy Pakistan Limited,,,,,,,,,,4973,4545432813,27-04-26,27-06-26,,,Service Charges,1,331,,208,Punjab Services Tax 16% (16%),52.96,Tracking Category,BPO,Type,Official,PKR,Letterhead
RE - Wafi Energy Pakistan Limited,,,,,,,,,,4974,4545436519,27-04-26,27-06-26,,,Reimbursement of OPD & Expenses in Punjab for the month of March 26,1,"35,209.00",,208,Punjab Services Tax 16% (16%),"5,633.44",Tracking Category,BPO,Type,Official,PKR,Letterhead
RE - Wafi Energy Pakistan Limited,,,,,,,,,,4974,4545436519,27-04-26,27-06-26,,,Service Charges,1,"6,338",,208,Punjab Services Tax 16% (16%),"1,014.08",Tracking Category,BPO,Type,Official,PKR,Letterhead
Trading & Supply - Wafi Energy Pakistan Limited,,,,,,,,,,4975,4545437882,27-04-26,27-06-26,,,Reimbursement of OPD & Expenses in Sindh for the month of March 26,1,"79,967.00",,208,Sindh Sales Tax 15% (15%),"11,995.05",Tracking Category,BPO,Type,Official,PKR,Letterhead
Trading & Supply - Wafi Energy Pakistan Limited,,,,,,,,,,4975,4545437882,27-04-26,27-06-26,,,Service Charges,1,"14,394",,208,Sindh Sales Tax 15% (15%),"2,159.10",Tracking Category,BPO,Type,Official,PKR,Letterhead
Trading & Supply - Wafi Energy Pakistan Limited,,,,,,,,,,4976,4545437882,27-04-26,27-06-26,,,Reimbursement of OPD & Expenses in Punjab for the month of March 26,1,"79,355.00",,208,Punjab Services Tax 16% (16%),"12,696.80",Tracking Category,BPO,Type,Official,PKR,Letterhead
Trading & Supply - Wafi Energy Pakistan Limited,,,,,,,,,,4976,4545437882,27-04-26,27-06-26,,,Service Charges,1,"14,284",,208,Punjab Services Tax 16% (16%),"2,285.44",Tracking Category,BPO,Type,Official,PKR,Letterhead
Trading & Supply - Wafi Energy Pakistan Limited,,,,,,,,,,4977,4545437882,27-04-26,27-06-26,,,Reimbursement of OPD & Expenses in KPK for the month of March 26,1,"10,870.00",,208,KPK Services Tax 15% (15%),"1,630.50",Tracking Category,BPO,Type,Official,PKR,Letterhead
Trading & Supply - Wafi Energy Pakistan Limited,,,,,,,,,,4977,4545437882,27-04-26,27-06-26,,,Service Charges,1,"1,957",,208,KPK Services Tax 15% (15%),293.55,Tracking Category,BPO,Type,Official,PKR,Letterhead
LSC - Wafi Energy Pakistan Limited,,,,,,,,,,4978,4545438137,27-04-26,27-06-26,,,Reimbursement of OPD & Expenses in Sindh for the month of March 26,1,"2,000.00",,208,Sindh Sales Tax 15% (15%),300,Tracking Category,BPO,Type,Official,PKR,Letterhead
LSC - Wafi Energy Pakistan Limited,,,,,,,,,,4978,4545438137,27-04-26,27-06-26,,,Service Charges,1,360,,208,Sindh Sales Tax 15% (15%),54,Tracking Category,BPO,Type,Official,PKR,Letterhead
LSC - Wafi Energy Pakistan Limited,,,,,,,,,,4979,4545438137,27-04-26,27-06-26,,,Reimbursement of OPD & Expenses in Punjab for the month of March 26,1,"3,000.00",,208,Punjab Services Tax 16% (16%),480,Tracking Category,BPO,Type,Official,PKR,Letterhead
LSC - Wafi Energy Pakistan Limited,,,,,,,,,,4979,4545438137,27-04-26,27-06-26,,,Service Charges,1,540,,208,Punjab Services Tax 16% (16%),86.4,Tracking Category,BPO,Type,Official,PKR,Letterhead
IT - Wafi Energy Pakistan Limited,,,,,,,,,,4980,4545437885,27-04-26,27-06-26,,,Reimbursement of OPD & Expenses in Sindh for the month of March 26,1,"5,200.00",,208,Sindh Sales Tax 15% (15%),780,Tracking Category,BPO,Type,Official,PKR,Letterhead
IT - Wafi Energy Pakistan Limited,,,,,,,,,,4980,4545437885,27-04-26,27-06-26,,,Service Charges,1,936,,208,Sindh Sales Tax 15% (15%),140.4,Tracking Category,BPO,Type,Official,PKR,Letterhead
Trading & Supply - Shell Pakistan Limited,,,,,,,,,,4981,4545433896,27-04-26,27-06-26,,,FM Services in Sindh for the month of April 26,1,1651962,,209,Sindh Sales Tax 15% (15%),247794.3,Tracking Category,FM,Type,Official,PKR,Letterhead
Trading & Supply - Shell Pakistan Limited,,,,,,,,,,4981,4545433896,27-04-26,27-06-26,,,Service Charges,1,223015,,209,Sindh Sales Tax 15% (15%),33452.25,Tracking Category,FM,Type,Official,PKR,Letterhead
Trading & Supply - Shell Pakistan Limited,,,,,,,,,,4982,4545433896,27-04-26,27-06-26,,,FM Services in Punjab for the month of April 26,1,981222,,209,Punjab Services Tax 16% (16%),156995.52,Tracking Category,FM,Type,Official,PKR,Letterhead
Trading & Supply - Shell Pakistan Limited,,,,,,,,,,4982,4545433896,27-04-26,27-06-26,,,Service Charges,1,132465,,209,Punjab Services Tax 16% (16%),21194.4,Tracking Category,FM,Type,Official,PKR,Letterhead
Trading & Supply - Shell Pakistan Limited,,,,,,,,,,4983,4545433896,27-04-26,27-06-26,,,FM Services in KPK for the month of April 26,1,272562,,209,KPK Services Tax 15% (15%),40884.3,Tracking Category,FM,Type,Official,PKR,Letterhead
Trading & Supply - Shell Pakistan Limited,,,,,,,,,,4983,4545433896,27-04-26,27-06-26,,,Service Charges,1,36796,,209,KPK Services Tax 15% (15%),5519.4,Tracking Category,FM,Type,Official,PKR,Letterhead
LSC - Shell Pakistan Limited,,,,,,,,,,4984,4545436279,27-04-26,27-06-26,,,FM Services in Sindh for the month of April 26,1,1845076,,209,Sindh Sales Tax 15% (15%),276761.4,Tracking Category,FM,Type,Official,PKR,Letterhead
LSC - Shell Pakistan Limited,,,,,,,,,,4984,4545436279,27-04-26,27-06-26,,,Service Charges,1,322889,,209,Sindh Sales Tax 15% (15%),48433.35,Tracking Category,FM,Type,Official,PKR,Letterhead
Trading & Supply - Shell Pakistan Limited,,,,,,,,,,4985,4545433896,27-04-26,27-06-26,,,FM Additional Services in Punjab for the month of March 26,1,55577,,209,Punjab Services Tax 16% (16%),8892.32,Tracking Category,FM,Type,Official,PKR,Letterhead
Trading & Supply - Shell Pakistan Limited,,,,,,,,,,4985,4545433896,27-04-26,27-06-26,,,Service Charges,1,7503,,209,Punjab Services Tax 16% (16%),1200.48,Tracking Category,FM,Type,Official,PKR,Letterhead
Trading & Supply - Shell Pakistan Limited,,,,,,,,,,4986,4545433896,27-04-26,27-06-26,,,FM Additional Services in Sindh for the month of March 26,1,13845,,209,Sindh Sales Tax 15% (15%),2076.75,Tracking Category,FM,Type,Official,PKR,Letterhead
Trading & Supply - Shell Pakistan Limited,,,,,,,,,,4986,4545433896,27-04-26,27-06-26,,,Service Charges,1,1870,,209,Sindh Sales Tax 15% (15%),280.5,Tracking Category,FM,Type,Official,PKR,Letterhead
Trading & Supply - Shell Pakistan Limited,,,,,,,,,,4987,4545433896,27-04-26,27-06-26,,,FM Additional Services in KPK for the month of March 26,1,74232,,209,KPK Services Tax 15% (15%),11134.8,Tracking Category,FM,Type,Official,PKR,Letterhead
Trading & Supply - Shell Pakistan Limited,,,,,,,,,,4987,4545433896,27-04-26,27-06-26,,,Service Charges,1,10022,,209,KPK Services Tax 15% (15%),1503.3,Tracking Category,FM,Type,Official,PKR,Letterhead
LSC - Shell Pakistan Limited,,,,,,,,,,4988,4545436279,27-04-26,27-06-26,,,FM Additional Services in Sindh for the month of March 26,1,89869,,209,Sindh Sales Tax 15% (15%),13480.35,Tracking Category,FM,Type,Official,PKR,Letterhead
LSC - Shell Pakistan Limited,,,,,,,,,,4988,4545436279,27-04-26,27-06-26,,,Service Charges,1,15728,,209,Sindh Sales Tax 15% (15%),2359.2,Tracking Category,FM,Type,Official,PKR,Letterhead
